<?xml version="1.0" encoding="utf-8"?>
<annotation>
	<folder>VOC2007</folder>
	<filename>P0036__1__2032___2032.jpg</filename>
	<source>
		<database>My Database</database>
		<annotation>VOC2007</annotation>
		<image>flickr</image>
	</source>
	<owner>
		<flickrid>NULL</flickrid>
		<name>idannel</name>
	</owner>
	<size>
		<width>608</width>
		<height>608</height>
		<depth>3</depth>
	</size>
	<segmented>0</segmented>
	<object>
		<name>plane</name>
		<pose>Unspecified</pose>
		<truncated>0</truncated>
		<difficult>0</difficult>
		<bndbox>
			<xmin>336</xmin>
			<ymin>294</ymin>
			<xmax>505</xmax>
			<ymax>449</ymax>
		</bndbox>
	</object>
	<object>
		<name>plane</name>
		<pose>Unspecified</pose>
		<truncated>0</truncated>
		<difficult>0</difficult>
		<bndbox>
			<xmin>375</xmin>
			<ymin>159</ymin>
			<xmax>554</xmax>
			<ymax>330</ymax>
		</bndbox>
	</object>
	<object>
		<name>plane</name>
		<pose>Unspecified</pose>
		<truncated>0</truncated>
		<difficult>0</difficult>
		<bndbox>
			<xmin>12</xmin>
			<ymin>1</ymin>
			<xmax>254</xmax>
			<ymax>157</ymax>
		</bndbox>
	</object>
</annotation>
