<?xml version="1.0" encoding="utf-8"?>
<annotation>
	<folder>VOC2007</folder>
	<filename>P0032__1__508___1081.jpg</filename>
	<source>
		<database>My Database</database>
		<annotation>VOC2007</annotation>
		<image>flickr</image>
	</source>
	<owner>
		<flickrid>NULL</flickrid>
		<name>idannel</name>
	</owner>
	<size>
		<width>608</width>
		<height>608</height>
		<depth>3</depth>
	</size>
	<segmented>0</segmented>
	<object>
		<name>plane</name>
		<pose>Unspecified</pose>
		<truncated>0</truncated>
		<difficult>0</difficult>
		<bndbox>
			<xmin>340</xmin>
			<ymin>6</ymin>
			<xmax>519</xmax>
			<ymax>190</ymax>
		</bndbox>
	</object>
	<object>
		<name>plane</name>
		<pose>Unspecified</pose>
		<truncated>0</truncated>
		<difficult>0</difficult>
		<bndbox>
			<xmin>181</xmin>
			<ymin>100</ymin>
			<xmax>361</xmax>
			<ymax>285</ymax>
		</bndbox>
	</object>
	<object>
		<name>plane</name>
		<pose>Unspecified</pose>
		<truncated>0</truncated>
		<difficult>0</difficult>
		<bndbox>
			<xmin>41</xmin>
			<ymin>180</ymin>
			<xmax>234</xmax>
			<ymax>376</ymax>
		</bndbox>
	</object>
</annotation>
