<?xml version="1.0" encoding="utf-8"?>
<annotation>
	<folder>VOC2007</folder>
	<filename>P0041__1__2583___1016.jpg</filename>
	<source>
		<database>My Database</database>
		<annotation>VOC2007</annotation>
		<image>flickr</image>
	</source>
	<owner>
		<flickrid>NULL</flickrid>
		<name>idannel</name>
	</owner>
	<size>
		<width>608</width>
		<height>608</height>
		<depth>3</depth>
	</size>
	<segmented>0</segmented>
	<object>
		<name>plane</name>
		<pose>Unspecified</pose>
		<truncated>0</truncated>
		<difficult>0</difficult>
		<bndbox>
			<xmin>269</xmin>
			<ymin>148</ymin>
			<xmax>366</xmax>
			<ymax>238</ymax>
		</bndbox>
	</object>
	<object>
		<name>plane</name>
		<pose>Unspecified</pose>
		<truncated>0</truncated>
		<difficult>0</difficult>
		<bndbox>
			<xmin>141</xmin>
			<ymin>155</ymin>
			<xmax>230</xmax>
			<ymax>227</ymax>
		</bndbox>
	</object>
	<object>
		<name>plane</name>
		<pose>Unspecified</pose>
		<truncated>0</truncated>
		<difficult>0</difficult>
		<bndbox>
			<xmin>31</xmin>
			<ymin>225</ymin>
			<xmax>176</xmax>
			<ymax>375</ymax>
		</bndbox>
	</object>
</annotation>
